<?xml version="1.0" encoding="UTF-8"?>
<employmentRecord:employmentRecord xmlns:employmentRecord="http://www.example.org/EmploymentRecord" xmlns:xsi="http://www.w3.org/2001/XMLSchema-instance" xsi:schemaLocation="http://www.example.org/EmploymentRecord EmploymentRecord.xsd ">
  <employmentRecord:name>Trevor</employmentRecord:name>
  <employmentRecord:age>26</employmentRecord:age>
  <employmentRecord:companies>
    <employmentRecord:company>
      <employmentRecord:name>Ericsson</employmentRecord:name>
      <employmentRecord:positionorTitle>programmer</employmentRecord:positionorTitle>
      <employmentRecord:lengthofTime>2008.5 ~ present</employmentRecord:lengthofTime>
    </employmentRecord:company>
    <employmentRecord:company>
      <employmentRecord:name>IBM</employmentRecord:name>
      <employmentRecord:positionorTitle>tester</employmentRecord:positionorTitle>
      <employmentRecord:lengthofTime>2006.4 ~ 2008.4</employmentRecord:lengthofTime>
    </employmentRecord:company>
  </employmentRecord:companies>
</employmentRecord:employmentRecord>
