<?xml version="1.0" encoding="UTF-8"?>
<shortCV:shortCV name="Trevor" xmlns:shortCV="http://www.example.org/ShortCV" xmlns:xsi="http://www.w3.org/2001/XMLSchema-instance" xsi:schemaLocation="http://www.example.org/ShortCV ShortCV.xsd ">
  <shortCV:personalInformation>
    <shortCV:age>26</shortCV:age>
    <shortCV:country>Germany</shortCV:country>
    <shortCV:hobby>Coding</shortCV:hobby>
    <shortCV:gender>male</shortCV:gender>
    <shortCV:personalStatement>I will never surrender!</shortCV:personalStatement>
  </shortCV:personalInformation>
  <shortCV:contactInformation>
    <shortCV:email>Trevor@kth.se</shortCV:email>
    <shortCV:phoneNo.>0707070707</shortCV:phoneNo.>
  </shortCV:contactInformation>
</shortCV:shortCV>
